{
    "avg_prec": 0.25294502449414286,
    "roc_auc": 0.8276127202149896
}