{
    "avg_prec": 0.3031279461048699,
    "roc_auc": 0.8563601074947745
}